Task,Phase,Priority,Depends on
T01 · Pin environment and implementation sources,Setup,P0,None
T02 · Verify dataset access and inspect provenance schema,Data,P0,None
T03 · Build deterministic split and dedup pipeline,Data,P0,T02
T04 · Materialize packed arrays and token metadata,Data,P0,T03
T05 · Implement paired transformer and TaperNorm,Implementation,P0,T01
T06 · Implement optimizer schedule and resumable branching,Implementation,P0,T05
T07 · Implement scheduled evaluation and diagnostics,Implementation,P0,"T04, T05"
T08 · Implement deterministic analysis and classifier,Implementation,P0,T07
"T09 · Validate model endpoints, EMA and resume",Validation,P0,"T05, T06"
T10 · Validate data and analysis invariants,Validation,P0,"T04, T08"
T11 · Benchmark GPU and lock feasible allocation,Validation,P0,"T09, T10"
T12 · Freeze execution manifest and analysis version,Setup,P0,T11
T13 · Run primary paired group 101,Execution,P1,T12
T14 · Run primary paired group 102,Execution,P1,T13
T15 · Run primary paired group 103,Execution,P1,T14
T16 · Run conditional auxiliary group 101,Execution,P1,T15
T17 · Run conditional auxiliary group 102,Execution,P1,T16
T18 · Run conditional auxiliary group 103,Execution,P1,T17
T19 · Assemble decision sheet and figures,Analysis,P1,T15
T20 · Archive evidence and write next-stage decision,Analysis,P1,T19